match,reward,win_rate_rolling,position,actor_loss,critic_loss,stage
1,0.8344378570495632,0.27033230506115463,4,1.029591169090462,1.7877192571538878,Stage 1: vs. Random
2,0.08987818140391612,0.25138870019355164,4,0.9333816546062152,1.8296390676361134,Stage 1: vs. Random
3,-0.6612302058973369,0.23722624919157573,4,0.9419154657269875,1.7864257362647127,Stage 1: vs. Random
4,-0.6207295579924099,0.23052203321832615,2,0.9091476563845642,1.8122515224364109,Stage 1: vs. Random
5,0.23284144594960177,0.2407828775563064,3,0.9549454812505573,1.7830492478347975,Stage 1: vs. Random
6,0.42826370962163374,0.23577626599655463,4,0.9636411721570103,1.745618649667156,Stage 1: vs. Random
7,-2.5959695986255404,0.2325107095364576,3,0.9827968599802036,1.731051523358398,Stage 1: vs. Random
8,-1.5602356575423542,0.24072119888088797,2,0.9912699211555384,1.722422233518516,Stage 1: vs. Random
9,-0.1320091053127348,0.24061636414397405,3,0.9908104447197634,1.704169489146019,Stage 1: vs. Random
10,-0.4183586827406188,0.2456045689153045,2,0.9893460807884502,1.691170069008491,Stage 1: vs. Random
11,0.3428422246560654,0.24545922909046364,2,0.9864047304564033,1.6766766217572764,Stage 1: vs. Random
12,0.7992340898039323,0.24448242623461577,2,0.9933641071514302,1.6731907957967878,Stage 1: vs. Random
13,-1.7005080140684028,0.247427594195504,4,0.9885698530535257,1.6727935198464228,Stage 1: vs. Random
14,-0.7222653532234107,0.24504827734682372,3,0.9845415685936818,1.6680760387909217,Stage 1: vs. Random
15,0.45519601560739487,0.2445636036431273,2,0.9952385465936676,1.6736105035743638,Stage 1: vs. Random
16,0.18945226149394412,0.24662388675506983,1,0.9926666453710165,1.6924848850930012,Stage 1: vs. Random
17,-0.8336368350347543,0.24819789134437387,2,0.9944181029249949,1.687725479221509,Stage 1: vs. Random
18,-0.6996291335347753,0.2509418990058134,1,0.9923842576845779,1.6974693216944892,Stage 1: vs. Random
19,0.25494188387125527,0.24892874910644905,1,0.9965853332002302,1.703953280775961,Stage 1: vs. Random
20,-1.113048510571951,0.24765051659015264,4,0.9938821416722126,1.6991196616910103,Stage 1: vs. Random
21,-0.3334170151333451,0.24803167326517778,4,0.9954828368662618,1.6938387380108382,Stage 1: vs. Random
22,0.6269783400335196,0.24956400343697985,3,0.9924852279524372,1.6910592945189429,Stage 1: vs. Random
23,-1.6912832083895257,0.24781979754018776,2,0.9846710286395045,1.6837009607495887,Stage 1: vs. Random
24,-1.6806468266654029,0.24754911465468962,2,0.9915058164506778,1.680122167313937,Stage 1: vs. Random
25,0.29267705341065686,0.2495143701326975,2,0.9925518866059213,1.6915016124618922,Stage 1: vs. Random
26,-1.2065843408875985,0.24821128078228966,3,0.9978999163355836,1.6947102338175561,Stage 1: vs. Random
27,-0.7929471006046092,0.24949544541740923,3,0.9995806037005691,1.6876491180195634,Stage 1: vs. Random
28,-1.72776402641873,0.24894874103153888,2,1.0006130599236462,1.6984470446339515,Stage 1: vs. Random
29,-0.7812604089108484,0.24939054610045075,4,0.9942888215045226,1.7043129012533056,Stage 1: vs. Random
30,0.011934491988085272,0.250563012648236,2,0.9928846100656633,1.702062538856514,Stage 1: vs. Random
31,0.051391333330127686,0.24947353471596673,2,0.9959058972527148,1.6947964285331742,Stage 1: vs. Random
32,0.10580189222103353,0.2502149540580422,4,0.9980220234104232,1.696522226014554,Stage 1: vs. Random
33,-1.6444398162558451,0.25148620412865924,2,1.0055167989340599,1.6983804865170065,Stage 1: vs. Random
34,-0.8431034391465544,0.2542809839457762,1,1.0157579016989864,1.6977701887659455,Stage 1: vs. Random
35,-1.048009486223971,0.2526991571361415,1,1.0074228024226746,1.698945017856738,Stage 1: vs. Random
36,-0.6005126912436678,0.2528329715976553,4,1.0132064821183215,1.7068494895651645,Stage 1: vs. Random
37,0.4156697917746931,0.2542987157305413,3,1.005568564505386,1.7099629111067605,Stage 1: vs. Random
38,-0.23823217131507352,0.2539563254838381,2,1.002672763408223,1.705866221386592,Stage 1: vs. Random
39,-0.609381952381627,0.2553756123904963,1,1.000582913859992,1.7047133408902808,Stage 1: vs. Random
40,-0.35664486997886546,0.2542788297582664,1,1.0034160172664377,1.7129991590496703,Stage 1: vs. Random
41,0.27518165777989456,0.25343397691700825,2,1.0092115249699665,1.7210237582901131,Stage 1: vs. Random
42,-0.4953039276535659,0.2529074978412901,1,1.003296508267015,1.7266275715321038,Stage 1: vs. Random
43,-0.027595646685461495,0.2517780973636814,2,1.0055632956062721,1.7314099721519733,Stage 1: vs. Random
44,-0.8139810988154796,0.25296175163346407,2,1.0100969459802693,1.7338231541711362,Stage 1: vs. Random
45,-0.4712708262341644,0.2534422677154341,1,1.006990047449668,1.7379240620940302,Stage 1: vs. Random
46,-0.764603962362221,0.2534025339747791,3,1.0051145113104956,1.735787874183442,Stage 1: vs. Random
47,0.14702085880395555,0.25396475131882756,1,0.9980381668888315,1.736295106671003,Stage 1: vs. Random
48,-0.4573512445261263,0.2532758187410208,2,1.0004831546512476,1.731309199460076,Stage 1: vs. Random
49,-1.555121606946647,0.25596459671562943,2,0.9922842956951207,1.7280168957145,Stage 1: vs. Random
50,-1.3638245563376197,0.2569482136914835,2,0.9919281967600566,1.7371035330583138,Stage 1: vs. Random
51,-0.8007746190866081,0.25686948788532327,2,0.9902544501513871,1.7433516480073592,Stage 1: vs. Random
52,-0.38101858618529755,0.2573169610316502,1,0.9970452660550725,1.7481649975718616,Stage 1: vs. Random
53,0.951935073082705,0.2600785593452248,3,0.9999730732385128,1.7541884500030378,Stage 1: vs. Random
54,-0.0580008518978804,0.2618611175386983,1,0.9980406375665912,1.7649768401371329,Stage 1: vs. Random
55,-0.9313799573630697,0.25880463507645085,3,1.0012674917180888,1.7510149109333928,Stage 1: vs. Random
56,0.24164089705805858,0.2606536318955376,4,0.9997545614408913,1.7430433091748232,Stage 1: vs. Random
57,0.4591093455383455,0.2582107875566686,1,0.9966165115568576,1.7583682386415083,Stage 1: vs. Random
58,-0.4856257703073499,0.2599884015831949,1,1.0007941774992581,1.75654242883991,Stage 1: vs. Random
59,0.3127059281100586,0.2585109509491919,1,1.0103208743778798,1.760497769923335,Stage 1: vs. Random
60,-1.4474452071966857,0.2562815218535986,1,1.016007161655921,1.761197443911877,Stage 1: vs. Random
61,0.9112951922288552,0.2561884574891837,3,1.014456752436899,1.7729395887813304,Stage 1: vs. Random
62,-1.114290613384716,0.2547020564958554,1,1.014630837759228,1.7737660771626236,Stage 1: vs. Random
63,-0.2910720920749106,0.2562708592549468,4,1.0113054783276738,1.7742631325682816,Stage 1: vs. Random
64,-1.68869364903863,0.25390623790448924,2,1.0009813056091292,1.7722638348067152,Stage 1: vs. Random
65,-0.12886988566880986,0.25457996890283613,1,1.0011475213858605,1.7754532112603592,Stage 1: vs. Random
66,0.047276572362040636,0.25653997655189137,4,0.9944051482992322,1.7695930169119902,Stage 1: vs. Random
67,-2.4095110775274535,0.25755989343925306,2,0.9982246052822981,1.7673970981169707,Stage 1: vs. Random
68,-0.5059889112542285,0.25579702243487473,1,0.9982558834584846,1.778310187825402,Stage 1: vs. Random
69,-0.9375368588623401,0.25571508292381245,1,0.997348649168276,1.7800697456447725,Stage 1: vs. Random
70,-0.12008670533540966,0.2568462290032442,4,0.9996357698352795,1.7798060668096418,Stage 1: vs. Random
71,-1.725162214959839,0.2581500055217064,2,0.9894302522564911,1.7754203672180382,Stage 1: vs. Random
72,1.0380773718499743,0.2607201232435126,1,0.990028079486732,1.7778602008839384,Stage 1: vs. Random
73,-0.6165534029821201,0.2613118574737802,1,0.9876043151538229,1.7809494560809935,Stage 1: vs. Random
74,-0.7425172960016033,0.26138953796104814,1,0.9868513332185588,1.7783559070674193,Stage 1: vs. Random
75,-1.2276602445118558,0.2613419840117696,1,0.9893343364139263,1.777815179251672,Stage 1: vs. Random
76,0.306163687674607,0.26078541396362126,1,0.9910268016679693,1.7655762591930384,Stage 1: vs. Random
77,0.777228887672182,0.260907292387957,1,0.9932957339778692,1.7753653643467688,Stage 1: vs. Random
78,-1.5322183843770232,0.2597837911098776,1,0.9907778379588836,1.7752090346424674,Stage 1: vs. Random
79,-0.9066865423833274,0.2588309279239316,1,0.9946278648747036,1.7727111231889991,Stage 1: vs. Random
80,0.24578873506337318,0.2574962647037867,1,0.9943384679812435,1.7705808601956141,Stage 1: vs. Random
81,-0.10380871099319328,0.25771921531736186,1,0.991846754032147,1.7650657628217943,Stage 1: vs. Random
82,-1.1378601600119054,0.2565116604338021,4,0.9812851028248654,1.7621018133854116,Stage 1: vs. Random
83,-0.30083894560721336,0.25346269188872966,1,0.9885845894732788,1.762023350138182,Stage 1: vs. Random
84,0.2968220529063441,0.25300570512610815,2,0.9912737991878461,1.7507296221361694,Stage 1: vs. Random
85,-1.2187309393231989,0.25559210450003156,1,0.9836651594230662,1.7495166903728299,Stage 1: vs. Random
86,-0.07172447794913733,0.2545743471519671,3,0.9768281948260417,1.763391686384382,Stage 1: vs. Random
87,0.3656726468792413,0.2546250123928463,2,0.9752573069232661,1.7482023315050554,Stage 1: vs. Random
88,-0.425948513815089,0.25440445458236727,3,0.9683608521164022,1.7391196929629822,Stage 1: vs. Random
89,-1.0083451239389385,0.2553993614160058,4,0.9707862906296251,1.7336721015283867,Stage 1: vs. Random
90,-0.02640751206869485,0.25583650152054516,1,0.9668449190700096,1.7287606485934752,Stage 1: vs. Random
91,-0.8667212393519081,0.25498265200320386,3,0.9637124563150522,1.7293067660832426,Stage 1: vs. Random
92,1.4186520952150952,0.2570673674999781,3,0.961133359720416,1.7226825292636319,Stage 1: vs. Random
93,-1.3031707181658558,0.25651767281037635,4,0.9594124895099811,1.724913196785583,Stage 1: vs. Random
94,-0.23982763428497283,0.2573878857214923,3,0.964209280258612,1.7172094578302823,Stage 1: vs. Random
95,0.6195492153029578,0.2569576540826311,1,0.9674232446770746,1.707735651944028,Stage 1: vs. Random
96,-0.857943128621003,0.2567322725732293,1,0.9670374900724302,1.706931695048246,Stage 1: vs. Random
97,-1.481839328256552,0.2546136942127667,2,0.9740345633814979,1.702782142224713,Stage 1: vs. Random
98,-1.382635323786973,0.25434866736160866,3,0.9711812468935476,1.7015164915523249,Stage 1: vs. Random
99,-1.1782941772663698,0.2521025056051302,2,0.9804943188860327,1.7112673787305546,Stage 1: vs. Random
100,-0.936470097117083,0.2503248350876863,3,0.9721240496212015,1.716789268839426,Stage 1: vs. Random
101,-0.43022555303892773,0.2499294995244789,1,0.9841992113529275,1.7274904726122513,Stage 1: vs. Random
102,-0.41690685693047824,0.24833934813159983,3,0.9835825742075678,1.7275240090356572,Stage 1: vs. Random
103,0.05195334275917196,0.24838992779192692,1,0.9795985051646222,1.7177571651183432,Stage 1: vs. Random
104,-0.12352559369099975,0.24736645868724588,2,0.9762668402002975,1.716526832205028,Stage 1: vs. Random
105,-1.7884034960053503,0.24762190501351514,4,0.9769159615092059,1.7206708409391736,Stage 1: vs. Random
106,0.40253363169816125,0.24743340391548038,2,0.9770799758063315,1.7269046171931681,Stage 1: vs. Random
107,-1.063957186381694,0.2448790923344109,2,0.9868255478762767,1.724599627264616,Stage 1: vs. Random
108,-1.805733327260906,0.24634711440399798,1,0.9845725505679664,1.7283931849174854,Stage 1: vs. Random
109,-0.17897327665825707,0.2449027376601711,3,0.9830260444986767,1.730572464489078,Stage 1: vs. Random
110,-0.6159821704483378,0.24649032679421118,3,0.9914056629793946,1.7235052027964166,Stage 1: vs. Random
111,-0.9958596713920429,0.24723893087057122,2,0.9970626173245557,1.731233666323817,Stage 1: vs. Random
112,-0.9036617377250673,0.24751268907972387,2,1.0020944014681763,1.7388183029705262,Stage 1: vs. Random
113,0.23490437602694492,0.2475651907668272,1,0.992474896184543,1.7438035473599753,Stage 1: vs. Random
114,-0.516527023567853,0.24703020567525125,2,0.9893091430978954,1.7493398679638048,Stage 1: vs. Random
115,-0.6382662531304247,0.24621040877265093,1,0.9896462618970949,1.759257249956449,Stage 1: vs. Random
116,-0.3259711063779771,0.24793293014166495,4,0.9991315862279518,1.7521449361374786,Stage 1: vs. Random
117,-1.5453916767507463,0.25046765779880964,2,0.9976602202439196,1.7608273578428701,Stage 1: vs. Random
118,-0.43498723459472755,0.2486947671693859,2,0.9941675912263065,1.7665235391419494,Stage 1: vs. Random
119,-0.6978602288150767,0.24871202597542855,4,0.993766381669241,1.7684389598112353,Stage 1: vs. Random
120,0.1490460334757252,0.25061472657895484,1,0.9902006396205391,1.7827326103710952,Stage 1: vs. Random
121,-0.4122558477641526,0.2505375021441143,1,0.9868239424414147,1.7806309551762178,Stage 1: vs. Random
122,1.0156203480506405,0.2493856441978147,3,0.9890705072001444,1.7752396954880345,Stage 1: vs. Random
123,-0.02783910844782278,0.24962671776407944,3,0.9894653497550461,1.7703050117952723,Stage 1: vs. Random
124,-0.3532900010372162,0.24865665785424476,1,0.9910509649376984,1.7742750946683954,Stage 1: vs. Random
125,-1.0029869376405856,0.24883979636719694,1,0.9866286193016041,1.7840937205810568,Stage 1: vs. Random
126,-1.389030520971545,0.2472719330341832,1,0.9933884576579176,1.78833293756838,Stage 1: vs. Random
127,-1.2616141785720894,0.24837133316674861,2,0.9909318306027287,1.7958620587118443,Stage 1: vs. Random
128,0.9222160377001254,0.24773484690980527,3,0.9998194030316014,1.7968371884484082,Stage 1: vs. Random
129,-0.056974303236976054,0.24913076897430297,2,0.9961721410473651,1.797628927299304,Stage 1: vs. Random
130,-0.7886096499564139,0.25029607503072065,1,1.000556354738188,1.7893451364041895,Stage 1: vs. Random
131,0.5254348972551444,0.25014612144569004,1,0.9930904941077265,1.780879968094716,Stage 1: vs. Random
132,-2.1410301043872506,0.2515514519111393,1,1.0026542697516299,1.7805833730012723,Stage 1: vs. Random
133,-1.2078419323866938,0.2512098658161666,3,1.0118256508276937,1.7788621521297487,Stage 1: vs. Random
134,-0.6628199382637165,0.25135401838523724,3,1.0123868423287223,1.7847625901251356,Stage 1: vs. Random
135,-2.5843279593126764,0.2516107219681891,3,1.013444120956391,1.7794034176451667,Stage 1: vs. Random
136,0.8006243555144277,0.2507572174570946,3,1.0148651867330025,1.7826833467539023,Stage 1: vs. Random
137,0.6783074411384484,0.2510882033682587,1,1.0069902880092418,1.7817908553679878,Stage 1: vs. Random
138,-0.9041136446596483,0.24923846490791843,1,1.005789898804085,1.7713717119302819,Stage 1: vs. Random
139,-0.46437189176650046,0.2487557104890551,1,1.0100756989224595,1.7683991645840706,Stage 1: vs. Random
140,-0.6522178874677322,0.24829170425717895,1,1.0077974146621296,1.7701523933111531,Stage 1: vs. Random
141,0.5425914976688389,0.24868198360204133,1,1.0027199104633506,1.7673122382331066,Stage 1: vs. Random
142,0.2096054332898889,0.24833699417038643,3,1.0053877465763887,1.7631142790309333,Stage 1: vs. Random
143,-0.45775745930538403,0.25156902889502725,1,1.0136856490889876,1.7578267624570303,Stage 1: vs. Random
144,1.4678906070612427,0.25219712042507697,4,1.0176782134488038,1.7537467702102967,Stage 1: vs. Random
145,-1.255349322438367,0.2516702547765934,1,1.0185355687127573,1.754418977455503,Stage 1: vs. Random
146,-0.8096239583879021,0.2513118504489855,4,1.0169023239572672,1.7511362381378845,Stage 1: vs. Random
147,-0.08437381133598504,0.251611927344939,2,1.0152531870625636,1.749616753553209,Stage 1: vs. Random
148,-0.20139133323202457,0.25336428284138235,1,1.0161461643850107,1.7451937416542265,Stage 1: vs. Random
149,0.05337445437988986,0.25430615012285257,1,1.0062849043877733,1.7399478891247917,Stage 1: vs. Random
150,-0.5415386267373177,0.2518178627862606,2,1.0052931494305914,1.7385452303861089,Stage 1: vs. Random
151,0.1376073671674765,0.2533896268461407,1,1.0045767645969732,1.732681990099366,Stage 1: vs. Random
152,0.09023513964393604,0.2549276605136286,1,1.0117102881780693,1.7372392134114412,Stage 1: vs. Random
153,0.09637770154008313,0.254736177186494,3,1.012302630930025,1.7416016411979498,Stage 1: vs. Random
154,-0.17617925951312455,0.2575080763652725,4,1.0096565513942342,1.7361120355636048,Stage 1: vs. Random
155,0.16740093382743382,0.25968760120504997,1,1.0104035333686874,1.733820031558971,Stage 1: vs. Random
156,-0.5084586189961309,0.2611678071843994,3,1.0105753089520197,1.7394864982006437,Stage 1: vs. Random
157,0.37791736698250605,0.26165681629853965,2,1.0032605872369869,1.7436408713388825,Stage 1: vs. Random
158,-0.08091268088517109,0.26406932295096247,1,0.9973666886339434,1.748187874543724,Stage 1: vs. Random
159,0.009380422402240352,0.267193674919694,2,0.9949858138836702,1.7361381880121864,Stage 1: vs. Random
160,-0.8244476202874733,0.2670742907371917,2,0.9955846367741014,1.7305622279956845,Stage 1: vs. Random
161,-0.8057716231681435,0.2695918466286677,1,0.9962284243944814,1.7336657155707442,Stage 1: vs. Random
162,-0.7402045666581435,0.2701791372581548,2,0.9881299920987193,1.7243226980569333,Stage 1: vs. Random
163,0.3430140144168106,0.27280218646634713,1,0.990106012464384,1.7254573379936804,Stage 1: vs. Random
164,-0.36845405539178966,0.27667596017523416,3,0.9959718930586217,1.725491107625273,Stage 1: vs. Random
165,-0.5685695371074263,0.27791914313472127,4,0.9961373762652508,1.7274404679841262,Stage 1: vs. Random
166,-0.13715688139601673,0.2800965508235761,1,0.9897135385952956,1.7261424465701574,Stage 1: vs. Random
167,-1.2078558585804058,0.28418079427570014,3,0.9864528634630348,1.7171561893694858,Stage 1: vs. Random
168,0.882211155298431,0.2853280884236601,2,0.9971288922962527,1.7191311412124377,Stage 1: vs. Random
169,0.46419330456932856,0.28946384033791145,1,1.0005646968996738,1.7157490286646606,Stage 1: vs. Random
170,-0.20977742968297614,0.29110789065248893,1,0.9952633928597759,1.7206572072335335,Stage 1: vs. Random
171,-0.26996722443649196,0.2922743388389996,1,0.9919528066118277,1.719345619894995,Stage 1: vs. Random
172,0.05567011671665065,0.29358456401348226,1,0.9854477363139171,1.7153137970064734,Stage 1: vs. Random
173,0.004869747128974394,0.2929727670660388,1,0.9809792317901552,1.7140725692399554,Stage 1: vs. Random
174,-0.027771657898048918,0.29580037418856886,1,0.9758966669372189,1.7202149069158337,Stage 1: vs. Random
175,-0.1918574711870391,0.2972154932456347,3,0.9824703078573945,1.709888395187055,Stage 1: vs. Random
176,0.10473030624482857,0.2999436036376402,3,0.9848226290809627,1.708240290248639,Stage 1: vs. Random
177,-0.04866126515999479,0.30021171891910065,4,0.9892409760391273,1.7035198525654967,Stage 1: vs. Random
178,-0.2902423835640554,0.30201978143573976,3,0.9997600773134591,1.7070108559226567,Stage 1: vs. Random
179,-0.3614530577434282,0.3042038519687613,4,1.0097248663085432,1.6996347823007947,Stage 1: vs. Random
180,0.30542709666697976,0.30734627612573945,1,1.0165880111940921,1.6925474679781054,Stage 1: vs. Random
181,-0.09002034822406407,0.30974106354533254,4,1.0188778870908632,1.7009871630265263,Stage 1: vs. Random
182,-0.14051630623502084,0.3099766659563771,2,1.011421104326115,1.7074221099459275,Stage 1: vs. Random
183,-0.422184225291574,0.31209329083097487,1,1.0094827498205856,1.7033710739298242,Stage 1: vs. Random
184,-0.28946493355686165,0.3127367490876837,1,1.0176076349382577,1.7094348650044895,Stage 1: vs. Random
185,-0.16835531500181478,0.3120261187297678,1,1.0176527792348802,1.7156561230270602,Stage 1: vs. Random
186,-0.18528625461687026,0.3136212511079973,2,1.018256684011007,1.7129223059358971,Stage 1: vs. Random
187,0.05234503643978214,0.31634356818919696,3,1.0229444521516495,1.7000078820725204,Stage 1: vs. Random
188,-0.011108888173154308,0.31522013113456915,1,1.0234958845254487,1.697448055435761,Stage 1: vs. Random
189,-0.1095289256639854,0.31525167295213075,1,1.0204738138885643,1.6995254809439968,Stage 1: vs. Random
190,-0.1682517970076027,0.31573207736565834,1,1.0136590482487369,1.7020175345001742,Stage 1: vs. Random
191,-0.1322124007049219,0.3163474575651337,3,1.010765255274309,1.6993357270592242,Stage 1: vs. Random
192,0.3630770970986477,0.3166130857046866,4,1.0110001980173855,1.6981261058494623,Stage 1: vs. Random
193,-0.08231407767057564,0.31697213028269455,1,1.003477588075678,1.706253706521856,Stage 1: vs. Random
194,0.6972615094479491,0.3163255181290511,1,0.9991928048606658,1.712763936852348,Stage 1: vs. Random
195,0.4083598589160288,0.3175820743371756,1,0.9946954380905154,1.7084044515699055,Stage 1: vs. Random
196,-0.4352206008811393,0.31887591813802657,4,0.9992906154256356,1.7139508908386525,Stage 1: vs. Random
197,-0.43710322662472617,0.31683766336755936,1,0.9987169134459665,1.7150657725196605,Stage 1: vs. Random
198,0.8647769183273943,0.31836273742784216,1,0.9934566317345123,1.7212731435556725,Stage 1: vs. Random
199,-0.4179891187899804,0.318912733883954,2,0.9830271183548341,1.7337841633660653,Stage 1: vs. Random
200,-0.9143245237479147,0.31906071171410944,3,0.9905975857238701,1.7281943813797465,Stage 1: vs. Random
201,0.42941719530018596,0.31764903827595614,4,0.9999109576916272,1.730943967213459,Stage 1: vs. Random
202,0.8492924498409495,0.3203515928750702,2,1.0081226348240304,1.735236519502379,Stage 1: vs. Random
203,-0.09556119326549883,0.32291361706097327,2,1.0131666397877255,1.7399474557006618,Stage 1: vs. Random
204,0.14724755282392277,0.32207993441251387,1,1.0149018075601364,1.7393533159638832,Stage 1: vs. Random
205,-0.1451956970260793,0.32481004251722617,4,1.0140731850975349,1.7484575149388986,Stage 1: vs. Random
206,0.42997803052234157,0.3241833283580035,2,1.0109315229183802,1.7550322849007425,Stage 1: vs. Random
207,0.4730879362006386,0.32489224386290017,2,1.0159527729971765,1.7618379120429042,Stage 1: vs. Random
208,-1.2888792622321787,0.3238483242952433,2,1.0128084783749647,1.7610880299440828,Stage 1: vs. Random
209,0.2554704336107831,0.3234297971305363,2,1.0102062705203774,1.7703602736589594,Stage 1: vs. Random
210,-0.34013198472042755,0.3242737719829775,1,1.0106627826276282,1.7734868645760842,Stage 1: vs. Random
211,0.5089579733193829,0.32456774695549834,1,1.0160069326904382,1.7675976678618601,Stage 1: vs. Random
212,-0.4318883416957178,0.327358353829385,1,1.0226190788351124,1.7628016488111733,Stage 1: vs. Random
213,0.1932831842113252,0.3276599952677317,4,1.02526114364203,1.7652103976717088,Stage 1: vs. Random
214,0.006166455617754835,0.32864855070011173,2,1.0225136453723773,1.7669464169594737,Stage 1: vs. Random
215,-0.19927775669417835,0.33107292011760436,1,1.029172915176126,1.7616445545674368,Stage 1: vs. Random
216,-0.46165872871361013,0.3329964541303949,1,1.0253764540940586,1.760081107461411,Stage 1: vs. Random
217,-0.44838379409012163,0.33378655315625433,2,1.0266088928211423,1.7684732298062527,Stage 1: vs. Random
218,-0.08833225139540399,0.33748294118005195,2,1.029633991204652,1.7631968752468519,Stage 1: vs. Random
219,-0.15052670454151795,0.33794641148159565,1,1.0352887059474811,1.7686386960075575,Stage 1: vs. Random
220,0.8635406186961853,0.3415770696220454,1,1.043609809796775,1.772466808245324,Stage 1: vs. Random
221,0.05529992882927422,0.34218272527884264,4,1.0494922792794716,1.7735089149446934,Stage 1: vs. Random
222,0.3847520061302045,0.34422545002166954,4,1.053746614185244,1.780102708355899,Stage 1: vs. Random
223,-0.27508179408299505,0.34407293012267565,1,1.058866184477635,1.777092476049828,Stage 1: vs. Random
224,-0.24989310378337792,0.34653622783445165,3,1.0607936121338453,1.770656757789687,Stage 1: vs. Random
225,-0.16333269768529673,0.346565532408142,1,1.0614208719872629,1.770428251638477,Stage 1: vs. Random
226,0.27942839864893987,0.34931026042002916,1,1.06554224755643,1.7631838747784063,Stage 1: vs. Random
227,-0.04424761323331075,0.3511484664201217,2,1.0736828844445914,1.7681530594586508,Stage 1: vs. Random
228,-0.1786418275271821,0.3518554301633042,2,1.0752706107561816,1.7674704091645985,Stage 1: vs. Random
229,0.31413035693478286,0.3537813037132473,4,1.0834910825371205,1.7619916777562747,Stage 1: vs. Random
230,-0.0903230610992769,0.3562871047207488,1,1.0796593186372747,1.7651302605210424,Stage 1: vs. Random
231,-0.0683573569925654,0.36021277301115967,3,1.0782565130260522,1.7627254509018035,Stage 1: vs. Random
232,-0.35091062709230847,0.3600038005741827,2,1.0768537074148299,1.7603206412825652,Stage 1: vs. Random
233,-0.03297207935738694,0.35887494467820086,1,1.0754509018036071,1.7579158316633265,Stage 1: vs. Random
234,-0.10806275197272541,0.36095208364268866,2,1.0740480961923848,1.7555110220440882,Stage 1: vs. Random
235,-0.1905901704491652,0.36252863518321793,3,1.0726452905811625,1.7531062124248498,Stage 1: vs. Random
236,0.3361249931554208,0.3640100734673225,2,1.07124248496994,1.7507014028056114,Stage 1: vs. Random
237,0.07168392395138654,0.365989912982742,4,1.0698396793587175,1.7482965931863725,Stage 1: vs. Random
238,0.32638251047524564,0.36763881611105076,2,1.068436873747495,1.7458917835671344,Stage 1: vs. Random
239,0.7346428925157471,0.3680956720356468,1,1.0670340681362727,1.7434869739478958,Stage 1: vs. Random
240,0.6467554279350611,0.3686599909398291,2,1.0656312625250501,1.7410821643286574,Stage 1: vs. Random
241,-0.4824974478060879,0.3687963405880276,1,1.0642284569138278,1.738677354709419,Stage 1: vs. Random
242,0.29354142186836163,0.369751192907292,1,1.0628256513026053,1.7362725450901804,Stage 1: vs. Random
243,-0.05729478953602207,0.37092120013222235,1,1.0614228456913828,1.7338677354709418,Stage 1: vs. Random
244,0.19712186519851,0.3723682180617646,4,1.0600200400801605,1.7314629258517031,Stage 1: vs. Random
245,0.6600767733797241,0.37263277956391955,2,1.058617234468938,1.729058116232465,Stage 1: vs. Random
246,0.3995788216731525,0.3731130973432186,2,1.0572144288577154,1.7266533066132266,Stage 1: vs. Random
247,0.21323581835342514,0.3728454827750169,2,1.0558116232464931,1.724248496993988,Stage 1: vs. Random
248,0.20991611800814086,0.37565100500833687,2,1.0544088176352706,1.7218436873747496,Stage 1: vs. Random
249,0.2926293562886184,0.37614614668192486,2,1.0530060120240483,1.7194388777555112,Stage 1: vs. Random
250,-0.29015123892744027,0.37515140405891406,2,1.0516032064128258,1.7170340681362726,Stage 1: vs. Random
251,0.24136555907403756,0.37722481638647587,4,1.0502004008016033,1.7146292585170342,Stage 1: vs. Random
252,0.7616552138289692,0.3771794222879403,1,1.0487975951903807,1.7122244488977956,Stage 1: vs. Random
253,0.0033191544107197823,0.377758893290132,2,1.0473947895791584,1.709819639278557,Stage 1: vs. Random
254,0.31824771365006455,0.3783343203046448,2,1.045991983967936,1.7074148296593186,Stage 1: vs. Random
255,0.7954542659175088,0.37919597548146416,3,1.0445891783567136,1.7050100200400802,Stage 1: vs. Random
256,1.1166280032339762,0.3791686374702726,1,1.043186372745491,1.7026052104208418,Stage 1: vs. Random
257,-0.5102082307039273,0.38130575853577053,2,1.0417835671342686,1.7002004008016032,Stage 1: vs. Random
258,0.19278146985255779,0.3838596512670082,1,1.040380761523046,1.6977955911823648,Stage 1: vs. Random
259,-0.03951261132470779,0.38530793948825437,1,1.0389779559118237,1.6953907815631262,Stage 1: vs. Random
260,0.07723369793688084,0.38637797190416967,2,1.0375751503006012,1.6929859719438878,Stage 1: vs. Random
261,0.8802658917289445,0.38714941038957584,1,1.036172344689379,1.6905811623246494,Stage 1: vs. Random
262,0.3758906614984033,0.3881448363478666,3,1.0347695390781564,1.6881763527054108,Stage 1: vs. Random
263,0.3415107236387711,0.39202133270140377,1,1.0333667334669339,1.6857715430861724,Stage 1: vs. Random
264,0.006805493238900728,0.39208864016893824,4,1.0319639278557113,1.683366733466934,Stage 1: vs. Random
265,0.8894387909120196,0.3906790717507498,1,1.030561122244489,1.6809619238476954,Stage 1: vs. Random
266,0.13618010033885564,0.38967531836509167,1,1.0291583166332667,1.678557114228457,Stage 1: vs. Random
267,0.2929988327025309,0.3902902741207222,2,1.0277555110220442,1.6761523046092186,Stage 1: vs. Random
268,0.5598771178655287,0.3921774800364882,1,1.0263527054108217,1.6737474949899798,Stage 1: vs. Random
269,0.25856980626120135,0.3957599682066187,1,1.0249498997995992,1.6713426853707416,Stage 1: vs. Random
270,0.4861350733055683,0.39726049305853944,2,1.0235470941883766,1.668937875751503,Stage 1: vs. Random
271,0.345749811038633,0.3998497947869726,1,1.0221442885771543,1.6665330661322646,Stage 1: vs. Random
272,0.34141325391409727,0.39942495991232874,3,1.020741482965932,1.6641282565130262,Stage 1: vs. Random
273,-0.07416052850018046,0.4024015280543742,1,1.0193386773547095,1.6617234468937878,Stage 1: vs. Random
274,0.33698683848705185,0.40264172816272686,3,1.017935871743487,1.6593186372745492,Stage 1: vs. Random
275,1.4154239828019222,0.403947116644616,1,1.0165330661322645,1.6569138276553106,Stage 1: vs. Random
276,0.2814024099987211,0.40381686108199044,2,1.0151302605210422,1.6545090180360722,Stage 1: vs. Random
277,0.2573536969676723,0.40675920266973853,3,1.0137274549098196,1.6521042084168336,Stage 1: vs. Random
278,0.5276266489841599,0.40480415045289664,1,1.0123246492985973,1.6496993987975952,Stage 1: vs. Random
279,0.49590705346332753,0.4061800818375619,1,1.0109218436873748,1.6472945891783568,Stage 1: vs. Random
280,0.08409605794477992,0.40825089960363087,3,1.0095190380761523,1.6448897795591182,Stage 1: vs. Random
281,0.21892256708463048,0.4082263990088039,4,1.00811623246493,1.6424849699398798,Stage 1: vs. Random
282,0.1688472026117644,0.409882174261708,1,1.0067134268537077,1.6400801603206412,Stage 1: vs. Random
283,0.46863375680289193,0.41303927297820986,1,1.0053106212424852,1.637675350701403,Stage 1: vs. Random
284,-0.10858241283422332,0.41479415006409137,3,1.0039078156312626,1.6352705410821644,Stage 1: vs. Random
285,0.6429805106597828,0.4177699947417113,1,1.00250501002004,1.6328657314629258,Stage 1: vs. Random
286,0.3444372871399657,0.4188932138600405,3,1.0011022044088176,1.6304609218436874,Stage 1: vs. Random
287,0.5499190160959407,0.4209712210977215,3,0.9996993987975953,1.628056112224449,Stage 1: vs. Random
288,0.46319528570490526,0.4216892665899763,1,0.9982965931863729,1.6256513026052102,Stage 1: vs. Random
289,0.5454337959953552,0.42063628147563875,2,0.9968937875751503,1.6232464929859722,Stage 1: vs. Random
290,-0.0018949569235738872,0.4226068652960027,1,0.9954909819639278,1.6208416833667334,Stage 1: vs. Random
291,0.8706438830741037,0.4215812405889516,3,0.9940881763527055,1.618436873747495,Stage 1: vs. Random
292,0.6521964274480049,0.42109650235902657,1,0.9926853707414831,1.6160320641282566,Stage 1: vs. Random
293,0.13229454789804995,0.4214737963466929,1,0.9912825651302606,1.613627254509018,Stage 1: vs. Random
294,0.21685329140073611,0.42417872555252084,3,0.9898797595190382,1.6112224448897796,Stage 1: vs. Random
295,-0.37363054300518883,0.4256475264095128,1,0.9884769539078158,1.6088176352705412,Stage 1: vs. Random
296,0.45573365156779466,0.42830170852021215,2,0.9870741482965932,1.6064128256513024,Stage 1: vs. Random
297,0.4685179045247202,0.4282102748230628,2,0.9856713426853709,1.604008016032064,Stage 1: vs. Random
298,0.743485637132868,0.4292415139916849,1,0.9842685370741484,1.6016032064128256,Stage 1: vs. Random
299,-0.7767279743352309,0.4280460039535593,1,0.982865731462926,1.5991983967935872,Stage 1: vs. Random
300,-0.5749661200102067,0.43034232117870447,4,0.9814629258517035,1.5967935871743488,Stage 1: vs. Random
301,0.9759859279814553,0.4308476528103869,4,0.980060120240481,1.5943887775551102,Stage 1: vs. Random
302,0.960695055741414,0.4320380428111826,3,0.9786573146292585,1.5919839679358716,Stage 1: vs. Random
303,0.6739708439952451,0.43295003459892606,1,0.9772545090180361,1.589579158316633,Stage 1: vs. Random
304,0.005174604527735993,0.4338647274151325,1,0.9758517034068137,1.5871743486973948,Stage 1: vs. Random
305,0.5516352571053366,0.4339957496294838,2,0.9744488977955913,1.5847695390781562,Stage 1: vs. Random
306,1.3689879093922617,0.43604698013412724,3,0.9730460921843689,1.5823647294589176,Stage 1: vs. Random
307,0.7066911285070474,0.43664936897723244,1,0.9716432865731464,1.5799599198396794,Stage 1: vs. Random
308,0.4993266649776912,0.44113460922329933,2,0.9702404809619238,1.5775551102204408,Stage 1: vs. Random
309,0.41407897810783034,0.4425531975818879,2,0.9688376753507015,1.5751503006012022,Stage 1: vs. Random
310,-0.0026130750300351613,0.4422300551749926,2,0.9674348697394791,1.572745490981964,Stage 1: vs. Random
311,0.7551069478285352,0.44308745121722387,1,0.9660320641282566,1.5703406813627254,Stage 1: vs. Random
312,1.639767596991669,0.4437950725483513,1,0.9646292585170341,1.5679358717434868,Stage 1: vs. Random
313,0.38793101795866386,0.4456821059324612,1,0.9632264529058117,1.5655310621242484,Stage 1: vs. Random
314,0.5469952960034399,0.44590860367961305,1,0.9618236472945892,1.56312625250501,Stage 1: vs. Random
315,0.9125940602419012,0.44642024316328227,3,0.9604208416833668,1.5607214428857716,Stage 1: vs. Random
316,0.08633716676900116,0.4455714915650475,2,0.9590180360721444,1.558316633266533,Stage 1: vs. Random
317,0.9507315587531666,0.4466214265473469,1,0.9576152304609219,1.5559118236472946,Stage 1: vs. Random
318,0.708367188493661,0.44733683421746934,2,0.9562124248496995,1.5535070140280562,Stage 1: vs. Random
319,0.1986924631867738,0.44959058191485907,2,0.954809619238477,1.5511022044088174,Stage 1: vs. Random
320,0.7331298807250893,0.449720171885938,3,0.9534068136272544,1.5486973947895792,Stage 1: vs. Random
321,1.4389767438509629,0.4510679172776432,2,0.9520040080160321,1.5462925851703406,Stage 1: vs. Random
322,0.52790078434729,0.45273698666177853,2,0.9506012024048097,1.5438877755511022,Stage 1: vs. Random
323,0.1330990844496931,0.4531514685195136,1,0.9491983967935872,1.5414829659318638,Stage 1: vs. Random
324,1.0453815148419405,0.45299616599180387,1,0.9477955911823648,1.5390781563126252,Stage 1: vs. Random
325,0.3690749084760165,0.45615655140563177,3,0.9463927855711423,1.5366733466933866,Stage 1: vs. Random
326,1.1800821989477166,0.45735449481549256,2,0.9449899799599198,1.5342685370741482,Stage 1: vs. Random
327,0.6297934264008588,0.45926380053304416,2,0.9435871743486974,1.5318637274549098,Stage 1: vs. Random
328,1.2818526959930465,0.45964617051355944,1,0.942184368737475,1.5294589178356714,Stage 1: vs. Random
329,0.7091352659035732,0.4618570317179288,4,0.9407815631262526,1.5270541082164328,Stage 1: vs. Random
330,0.4739084189754354,0.4622007844716244,2,0.9393787575150302,1.5246492985971942,Stage 1: vs. Random
331,0.8932892473055962,0.4637580071983374,2,0.9379759519038077,1.522244488977956,Stage 1: vs. Random
332,0.6965759675203868,0.4660042111021399,2,0.9365731462925851,1.5198396793587174,Stage 1: vs. Random
333,0.32777422002762807,0.4660015476115397,1,0.9351703406813628,1.517434869739479,Stage 1: vs. Random
334,0.744468815173217,0.4681025449950881,1,0.9337675350701404,1.5150300601202404,Stage 1: vs. Random
335,0.31148630996225557,0.4713753255864139,3,0.9323647294589179,1.5126252505010023,Stage 1: vs. Random
336,0.16791756941857106,0.47391745344744485,1,0.9309619238476954,1.5102204408817637,Stage 1: vs. Random
337,0.8786789432104357,0.47328653806463417,2,0.929559118236473,1.507815631262525,Stage 1: vs. Random
338,0.8432441841800361,0.4715348324615952,1,0.9281563126252507,1.5054108216432869,Stage 1: vs. Random
339,1.4497999029191888,0.4718406748586376,4,0.9267535070140281,1.5030060120240483,Stage 1: vs. Random
340,0.4062476994333892,0.47335141971096323,4,0.9253507014028056,1.5006012024048097,Stage 1: vs. Random
341,0.8425625631732371,0.4754180664745803,1,0.9239478957915832,1.498196392785571,Stage 1: vs. Random
342,0.4472660651952242,0.4775682835425565,1,0.9225450901803608,1.4957915831663329,Stage 1: vs. Random
343,1.197907802191924,0.47639421102952517,1,0.9211422845691383,1.493386773547094,Stage 1: vs. Random
344,1.178127843882738,0.4775570102653424,1,0.919739478957916,1.4909819639278556,Stage 1: vs. Random
345,0.9973133262329921,0.4795771021799267,3,0.9183366733466936,1.4885771543086173,Stage 1: vs. Random
346,1.6583071443589985,0.48114640937834013,2,0.916933867735471,1.4861723446893789,Stage 1: vs. Random
347,1.433178126017078,0.4801362444905072,1,0.9155310621242486,1.4837675350701403,Stage 1: vs. Random
348,0.6823263574964327,0.4811774988654613,1,0.9141282565130261,1.4813627254509016,Stage 1: vs. Random
349,1.1491233089622397,0.4809015527775672,1,0.9127254509018037,1.4789579158316633,Stage 1: vs. Random
350,0.7679352539170088,0.4810664813759501,1,0.9113226452905813,1.4765531062124246,Stage 1: vs. Random
351,0.9356418092166208,0.4824350933032446,1,0.9099198396793589,1.4741482965931862,Stage 1: vs. Random
352,0.4862658063276604,0.48603498386308813,2,0.9085170340681364,1.4717434869739479,Stage 1: vs. Random
353,0.900851879517328,0.48773791196183525,3,0.9071142284569139,1.4693386773547092,Stage 1: vs. Random
354,1.5963886247638666,0.4893164763186359,2,0.9057114228456914,1.4669338677354709,Stage 1: vs. Random
355,0.6339001314802055,0.48961211898915546,1,0.904308617234469,1.4645290581162327,Stage 1: vs. Random
356,0.2824861573492212,0.4897220907128757,1,0.9029058116232466,1.462124248496994,Stage 1: vs. Random
357,0.7791109825298614,0.49003057785579324,2,0.9015030060120242,1.4597194388777555,Stage 1: vs. Random
358,0.9144552179726733,0.49015935990630694,4,0.9001002004008017,1.457314629258517,Stage 1: vs. Random
359,0.9910411165359011,0.4888638736044184,2,0.8986973947895791,1.4549098196392787,Stage 1: vs. Random
360,0.6903642438654867,0.48827899296513266,1,0.8972945891783567,1.4525050100200403,Stage 1: vs. Random
361,0.7589884552094776,0.48952339745371826,3,0.8958917835671343,1.4501002004008015,Stage 1: vs. Random
362,1.670888786386151,0.49018937331241946,1,0.894488977955912,1.4476953907815633,Stage 1: vs. Random
363,1.2196669012894161,0.490267764539235,4,0.8930861723446895,1.4452905811623247,Stage 1: vs. Random
364,0.9945874030123996,0.49081524084360445,1,0.8916833667334669,1.442885771543086,Stage 1: vs. Random
365,0.8317237872844503,0.49051637954944205,1,0.8902805611222445,1.4404809619238474,Stage 1: vs. Random
366,0.25592647721032025,0.48926579036308443,1,0.8888777555110221,1.4380761523046093,Stage 1: vs. Random
367,1.7969010483410304,0.492156659832499,4,0.8874749498997997,1.4356713426853707,Stage 1: vs. Random
368,0.7442621700772415,0.49385337177929517,2,0.8860721442885773,1.433266533066132,Stage 1: vs. Random
369,0.8280658313926017,0.4956301003203745,1,0.8846693386773549,1.4308617234468939,Stage 1: vs. Random
370,1.7170787348552732,0.4961537950540098,2,0.8832665330661323,1.4284569138276553,Stage 1: vs. Random
371,1.335808981501013,0.4953739094955472,3,0.8818637274549098,1.4260521042084169,Stage 1: vs. Random
372,1.23391505807224,0.4965147768471656,2,0.8804609218436874,1.423647294589178,Stage 1: vs. Random
373,0.4186754642184042,0.4985796801941084,2,0.8790581162324649,1.42124248496994,Stage 1: vs. Random
374,1.1851130068220557,0.5000283983381648,2,0.8776553106212426,1.4188376753507015,Stage 1: vs. Random
375,0.7639738030954124,0.49953381005817143,2,0.87625250501002,1.4164328657314629,Stage 1: vs. Random
376,1.9240103362757348,0.4998980019027719,2,0.8748496993987976,1.4140280561122245,Stage 1: vs. Random
377,1.112667863687147,0.5016672828718534,3,0.8734468937875752,1.411623246492986,Stage 1: vs. Random
378,1.4013709026773915,0.504231238723088,1,0.8720440881763527,1.4092184368737475,Stage 1: vs. Random
379,1.0947228998432548,0.5064325256367843,1,0.8706412825651302,1.4068136272545089,Stage 1: vs. Random
380,1.6246304809849912,0.5082098348998882,2,0.869238476953908,1.4044088176352707,Stage 1: vs. Random
381,1.1877083100472408,0.5080842737679235,2,0.8678356713426855,1.402004008016032,Stage 1: vs. Random
382,0.5845034483684576,0.5078896086403034,4,0.8664328657314629,1.3995991983967935,Stage 1: vs. Random
383,0.1889049815875472,0.5089850969298296,2,0.8650300601202405,1.3971943887775553,Stage 1: vs. Random
384,1.1629708650220596,0.5085560897367799,4,0.8636272545090181,1.3947895791583167,Stage 1: vs. Random
385,0.7649458040501915,0.5087988681308019,2,0.8622244488977956,1.392384769539078,Stage 1: vs. Random
386,1.9336147915117003,0.5097386034595588,2,0.8608216432865733,1.3899799599198397,Stage 1: vs. Random
387,1.5560023225739865,0.5116999247022643,3,0.8594188376753508,1.3875751503006013,Stage 1: vs. Random
388,1.1958182503331474,0.5141175855804122,4,0.8580160320641284,1.3851703406813627,Stage 1: vs. Random
389,1.5815770808930723,0.5168202242864902,1,0.8566132264529059,1.382765531062124,Stage 1: vs. Random
390,0.8770693094732409,0.518934552382905,3,0.8552104208416834,1.3803607214428857,Stage 1: vs. Random
391,0.028873094423289114,0.5185101391127225,1,0.8538076152304611,1.3779559118236473,Stage 1: vs. Random
392,0.8891783012068217,0.5196358384814711,2,0.8524048096192386,1.375551102204409,Stage 1: vs. Random
393,1.2876672710055639,0.5199931509375584,1,0.8510020040080162,1.3731462925851703,Stage 1: vs. Random
394,0.4076863335715528,0.5229808809920831,1,0.8495991983967937,1.370741482965932,Stage 1: vs. Random
395,1.124826823750957,0.5229943343512133,1,0.8481963927855711,1.3683366733466935,Stage 1: vs. Random
396,1.4527652697510445,0.5242420274557756,1,0.8467935871743487,1.365931863727455,Stage 1: vs. Random
397,0.699839433299067,0.5243216076586671,1,0.8453907815631262,1.3635270541082165,Stage 1: vs. Random
398,1.247148167172651,0.5249876357009146,4,0.8439879759519039,1.3611222444889781,Stage 1: vs. Random
399,1.4716505872193344,0.525693257337,1,0.8425851703406814,1.3587174348697393,Stage 1: vs. Random
400,1.1178519214376537,0.5253826241839691,2,0.841182364729459,1.356312625250501,Stage 1: vs. Random
401,2.1442300963367447,0.5308887762715642,1,0.8397795591182365,1.3539078156312625,Stage 1: vs. Random
402,1.2155294841794198,0.5335964744794981,3,0.838376753507014,1.351503006012024,Stage 1: vs. Random
403,1.5863315271038143,0.5357949863526658,1,0.8369739478957917,1.3490981963927855,Stage 1: vs. Random
404,1.4565170246597308,0.5385623463199757,3,0.8355711422845692,1.3466933867735473,Stage 1: vs. Random
405,1.6049575658090691,0.5437785543018918,3,0.8341683366733468,1.3442885771543087,Stage 1: vs. Random
406,1.3875225709554073,0.5485956893972891,3,0.8327655310621244,1.34188376753507,Stage 1: vs. Random
407,1.7535922208025452,0.5522553366195871,1,0.8313627254509018,1.3394789579158315,Stage 1: vs. Random
408,1.724122033482441,0.556179568851327,3,0.8299599198396793,1.3370741482965933,Stage 1: vs. Random
409,1.068401541677065,0.5596917102905884,1,0.8285571142284571,1.3346693386773547,Stage 1: vs. Random
410,1.2379757151630997,0.5632773061939044,3,0.8271543086172345,1.332264529058116,Stage 1: vs. Random
411,1.17793001057963,0.5684005916486637,2,0.8257515030060121,1.329859719438878,Stage 1: vs. Random
412,1.565946164537376,0.5712083792129655,1,0.8243486973947897,1.3274549098196393,Stage 1: vs. Random
413,1.603838979106981,0.5740952478162009,4,0.8229458917835671,1.3250501002004007,Stage 1: vs. Random
414,1.8248010940762402,0.577615012286296,2,0.8215430861723447,1.3226452905811625,Stage 1: vs. Random
415,1.8088997321275948,0.5812079962780633,1,0.8201402805611223,1.320240480961924,Stage 1: vs. Random
416,1.6756984179930527,0.5853122733813529,2,0.8187374749498999,1.3178356713426853,Stage 1: vs. Random
417,1.5899198718004413,0.5878985654400076,1,0.8173346693386775,1.3154308617234467,Stage 1: vs. Random
418,1.6291590583549895,0.5925651066255985,1,0.815931863727455,1.3130260521042083,Stage 1: vs. Random
419,1.8891528668221027,0.5975711630687938,3,0.8145290581162324,1.31062124248497,Stage 1: vs. Random
420,1.1085719496133024,0.6004112075307778,3,0.81312625250501,1.3082164328657315,Stage 1: vs. Random
421,1.3294016604737604,0.6041193347513629,3,0.8117234468937876,1.3058116232464931,Stage 1: vs. Random
422,1.0736235808082677,0.6081147815389393,2,0.8103206412825652,1.3034068136272545,Stage 1: vs. Random
423,2.42097869001171,0.6113422464487733,3,0.8089178356713427,1.301002004008016,Stage 1: vs. Random
424,1.6269378510251742,0.6122133204422119,2,0.8075150300601203,1.2985971943887775,Stage 1: vs. Random
425,1.3350523476118819,0.6179439181481914,3,0.8061122244488979,1.2961923847695391,Stage 1: vs. Random
426,0.9485690137487305,0.6214658511351108,3,0.8047094188376753,1.2937875751503005,Stage 1: vs. Random
427,1.1423193673060839,0.6236298419211033,1,0.803306613226453,1.2913827655310621,Stage 1: vs. Random
428,1.360786480396496,0.6261751308382751,1,0.8019038076152305,1.2889779559118233,Stage 1: vs. Random
429,1.9243889702787427,0.628981310813988,4,0.8005010020040081,1.2865731462925853,Stage 1: vs. Random
430,1.9542450907301614,0.6359836134625719,2,0.7990981963927857,1.2841683366733467,Stage 1: vs. Random
431,1.8813581712483998,0.6348314400078069,2,0.7976953907815632,1.2817635270541081,Stage 1: vs. Random
432,1.4557504218095305,0.6341097656646123,1,0.7962925851703407,1.2793587174348697,Stage 1: vs. Random
433,1.2002984220701787,0.6342272098957532,1,0.7948897795591183,1.2769539078156311,Stage 1: vs. Random
434,2.036601354225155,0.6338772969332179,1,0.7934869739478959,1.2745490981963927,Stage 1: vs. Random
435,1.6970593751648817,0.6321055751377874,3,0.7920841683366734,1.2721442885771543,Stage 1: vs. Random
436,1.498350376059252,0.6328321118374611,4,0.7906813627254509,1.269739478957916,Stage 1: vs. Random
437,1.4013523170083533,0.6326930538389709,3,0.7892785571142285,1.2673346693386773,Stage 1: vs. Random
438,1.7728210509319178,0.6323276982794958,1,0.787875751503006,1.2649298597194387,Stage 1: vs. Random
439,1.2605058969548626,0.6324888016285318,1,0.7864729458917836,1.2625250501002006,Stage 1: vs. Random
440,1.288801872486591,0.6321204778783607,3,0.7850701402805612,1.260120240480962,Stage 1: vs. Random
441,1.3838020879347221,0.63313482512569,3,0.7836673346693387,1.2577154308617233,Stage 1: vs. Random
442,1.9543346321575177,0.6348798309520709,1,0.7822645290581163,1.2553106212424852,Stage 1: vs. Random
443,1.5122855798991761,0.6341603862842102,3,0.7808617234468939,1.2529058116232465,Stage 1: vs. Random
444,1.7279949076360315,0.634612718182575,2,0.7794589178356713,1.250501002004008,Stage 1: vs. Random
445,2.0007724181421476,0.6340924571750435,2,0.778056112224449,1.2480961923847693,Stage 1: vs. Random
446,1.3359926096525991,0.6351591806671054,1,0.7766533066132265,1.245691382765531,Stage 1: vs. Random
447,1.2295055266349832,0.6362877133721512,2,0.775250501002004,1.2432865731462925,Stage 1: vs. Random
448,1.0255230232060093,0.6351194742509558,1,0.7738476953907816,1.2408817635270541,Stage 1: vs. Random
449,1.0526561005818529,0.6347777746634604,3,0.7724448897795592,1.2384769539078158,Stage 1: vs. Random
450,1.8070146205122257,0.6353017529325352,1,0.7710420841683366,1.2360721442885771,Stage 1: vs. Random
451,1.6448566421312774,0.635567949851124,1,0.7696392785571143,1.2336673346693385,Stage 1: vs. Random
452,1.9838449886650023,0.634124328577626,2,0.7682364729458918,1.2312625250501,Stage 1: vs. Random
453,1.3192594386264975,0.6356835931941576,1,0.7668336673346694,1.2288577154308618,Stage 1: vs. Random
454,1.0399217201649043,0.636352008144277,1,0.765430861723447,1.2264529058116231,Stage 1: vs. Random
455,1.1983053440625784,0.6357601602835481,2,0.7640280561122245,1.2240480961923845,Stage 1: vs. Random
456,1.7533649094692931,0.6373556263707733,1,0.7626252505010022,1.2216432865731464,Stage 1: vs. Random
457,1.293738714701456,0.6371391014776492,1,0.7612224448897796,1.2192384769539077,Stage 1: vs. Random
458,1.2621973885625812,0.6382000863843224,1,0.7598196392785572,1.2168336673346694,Stage 1: vs. Random
459,1.172229250391756,0.6394615193656584,2,0.7584168336673347,1.2144288577154307,Stage 1: vs. Random
460,1.6056649174014352,0.6391983180038071,2,0.7570140280561122,1.2120240480961924,Stage 1: vs. Random
461,1.7369123075628081,0.6408533825171732,2,0.7556112224448898,1.209619238476954,Stage 1: vs. Random
462,1.4941230147519848,0.6419615548964035,4,0.7542084168336672,1.2072144288577153,Stage 1: vs. Random
463,1.098777533141034,0.6430392998042967,2,0.7528056112224449,1.204809619238477,Stage 1: vs. Random
464,1.1638007887654713,0.6447955952136801,3,0.7514028056112225,1.2024048096192383,Stage 1: vs. Random
465,1.873607694096338,0.6451735784492174,2,0.7500000000000001,1.2,Stage 1: vs. Random
466,1.5917102842634177,0.644046926811201,3,0.7485971943887776,1.1975951903807618,Stage 1: vs. Random
467,1.3725377249214137,0.6454724999443052,2,0.7471943887775551,1.195190380761523,Stage 1: vs. Random
468,1.1129069129561167,0.6445822404513863,2,0.7457915831663328,1.1927855711422846,Stage 1: vs. Random
469,1.5509155244504245,0.6453377540469485,2,0.7443887775551102,1.190380761523046,Stage 1: vs. Random
470,1.9929940589595403,0.6446144952040664,2,0.7429859719438878,1.1879759519038076,Stage 1: vs. Random
471,1.2701090288687882,0.6435893482455288,3,0.7415831663326654,1.1855711422845692,Stage 1: vs. Random
472,1.3943518744794585,0.6436277135745256,2,0.7401803607214429,1.1831663326653306,Stage 1: vs. Random
473,1.5014514100592948,0.6456205915069789,3,0.7387775551102204,1.180761523046092,Stage 1: vs. Random
474,1.1155228740840797,0.6457603278086343,3,0.7373747494989982,1.1783567134268538,Stage 1: vs. Random
475,1.865647093584595,0.6457366840200585,1,0.7359719438877756,1.1759519038076152,Stage 1: vs. Random
476,1.8395925797004957,0.6438066984387819,1,0.7345691382765531,1.1735470941883768,Stage 1: vs. Random
477,0.8014100973462068,0.6432600011407239,2,0.7331663326653307,1.1711422845691384,Stage 1: vs. Random
478,1.6479135622902572,0.644819789790464,2,0.7317635270541083,1.1687374749498998,Stage 1: vs. Random
479,0.8041656305730507,0.6429835875878323,3,0.7303607214428858,1.1663326653306612,Stage 1: vs. Random
480,1.5763427218325845,0.643480681264764,1,0.7289579158316635,1.1639278557114225,Stage 1: vs. Random
481,1.855989789098605,0.6441665913146458,1,0.727555110220441,1.1615230460921844,Stage 1: vs. Random
482,1.6340329418185404,0.6443367784095335,3,0.7261523046092185,1.1591182364729458,Stage 1: vs. Random
483,1.4121668547902366,0.6443591787352922,2,0.724749498997996,1.1567134268537074,Stage 1: vs. Random
484,1.9051441294954845,0.6452565922583593,2,0.7233466933867735,1.154308617234469,Stage 1: vs. Random
485,1.4332407746251432,0.6452675161746705,1,0.7219438877755511,1.1519038076152306,Stage 1: vs. Random
486,1.1035210710778665,0.6435947436074805,1,0.7205410821643287,1.1494989979959918,Stage 1: vs. Random
487,1.5038462053981079,0.6448184686917052,1,0.7191382765531062,1.1470941883767536,Stage 1: vs. Random
488,1.2855667292547468,0.6440795849017932,2,0.7177354709418838,1.144689378757515,Stage 1: vs. Random
489,1.3707581653751553,0.6440220256043686,2,0.7163326653306614,1.1422845691382764,Stage 1: vs. Random
490,2.5728402232305196,0.6420814841624066,1,0.7149298597194389,1.139879759519038,Stage 1: vs. Random
491,1.4760595037387583,0.6415075059222004,2,0.7135270541082164,1.1374749498997996,Stage 1: vs. Random
492,0.9719821593404866,0.640302799959608,4,0.7121242484969941,1.1350701402805612,Stage 1: vs. Random
493,1.5639488222192162,0.6415059941236823,3,0.7107214428857717,1.1326653306613226,Stage 1: vs. Random
494,1.1485086413009573,0.6394926139963223,2,0.7093186372745491,1.1302605210420842,Stage 1: vs. Random
495,2.123091395796095,0.6395231008938159,2,0.7079158316633266,1.1278557114228456,Stage 1: vs. Random
496,0.979403137352338,0.639344880961341,3,0.7065130260521042,1.125450901803607,Stage 1: vs. Random
497,1.625356196805593,0.6380084379535905,2,0.7051102204408818,1.1230460921843688,Stage 1: vs. Random
498,1.695406111995665,0.637090025329097,1,0.7037074148296594,1.1206412825651302,Stage 1: vs. Random
499,1.6628741899198476,0.6345898560586624,4,0.702304609218437,1.1182364729458918,Stage 1: vs. Random
500,1.5175821156911036,0.635087356901162,1,0.7009018036072145,1.1158316633266534,Stage 1: vs. Random
501,1.0058098397225501,0.6342384654325842,3,0.699498997995992,1.1134268537074148,Stage 1: vs. Random
502,1.553682243749144,0.6341834475694529,1,0.6980961923847695,1.1110220440881762,Stage 1: vs. Random
503,1.536030157151127,0.6337020408598342,3,0.6966933867735471,1.1086172344689378,Stage 1: vs. Random
504,2.019348185255535,0.6326554028451324,1,0.6952905811623247,1.1062124248496992,Stage 1: vs. Random
505,1.9024087502072073,0.6330148965445088,2,0.6938877755511023,1.103807615230461,Stage 1: vs. Random
506,1.6319645166236885,0.6355657784777774,4,0.6924849699398798,1.1014028056112224,Stage 1: vs. Random
507,1.8429783605645678,0.6358006080610881,2,0.6910821643286573,1.0989979959919838,Stage 1: vs. Random
508,1.0133908156277087,0.63465888197559,1,0.6896793587174348,1.0965931863727456,Stage 1: vs. Random
509,1.3550429338596444,0.6353191079652748,2,0.6882765531062124,1.094188376753507,Stage 1: vs. Random
510,1.9318462358296062,0.635255897735498,2,0.68687374749499,1.0917835671342684,Stage 1: vs. Random
511,1.9444213467959928,0.6341243952767093,3,0.6854709418837676,1.08937875751503,Stage 1: vs. Random
512,1.7889432093832536,0.6335308430169352,1,0.6840681362725451,1.0869739478957916,Stage 1: vs. Random
513,1.345440108245585,0.6323298138298145,2,0.6826653306613227,1.084569138276553,Stage 1: vs. Random
514,1.4775058780835844,0.6306663550912781,4,0.6812625250501002,1.0821643286573146,Stage 1: vs. Random
515,1.3401819137789412,0.6299383621979476,4,0.6798597194388779,1.0797595190380762,Stage 1: vs. Random
516,0.8571795130434464,0.6313396453102568,3,0.6784569138276554,1.0773547094188376,Stage 1: vs. Random
517,1.5582136245516147,0.6308641901883114,2,0.677054108216433,1.0749498997995992,Stage 1: vs. Random
518,1.5622396194175026,0.6312049792582629,2,0.6756513026052104,1.0725450901803606,Stage 1: vs. Random
519,1.5778160144478357,0.6315457310851987,2,0.6742484969939879,1.0701402805611222,Stage 1: vs. Random
520,1.4008795242206347,0.6335150415060846,1,0.6728456913827655,1.0677354709418836,Stage 1: vs. Random
521,1.3648724951085278,0.6335583752847483,1,0.6714428857715432,1.0653306613226452,Stage 1: vs. Random
522,1.2454674749774324,0.6355356334922161,4,0.6700400801603207,1.0629258517034068,Stage 1: vs. Random
523,1.2904329793511087,0.6337651642048734,3,0.6686372745490982,1.0605210420841682,Stage 1: vs. Random
524,1.3028546512100871,0.6334097200266188,2,0.6672344689378757,1.0581162324649298,Stage 1: vs. Random
525,1.1266343740928964,0.6348197819139347,2,0.6658316633266533,1.0557114228456912,Stage 1: vs. Random
526,1.7601480541251546,0.6350671473881601,1,0.6644288577154309,1.0533066132264528,Stage 1: vs. Random
527,1.9311004856521858,0.6363517844408637,1,0.6630260521042085,1.0509018036072144,Stage 1: vs. Random
528,1.790903352391348,0.6378173942724293,3,0.6616232464929861,1.0484969939879758,Stage 1: vs. Random
529,1.507498599607789,0.6381664622395832,3,0.6602204408817636,1.0460921843687374,Stage 1: vs. Random
530,1.083606411331926,0.6401270906419925,3,0.658817635270541,1.043687374749499,Stage 1: vs. Random
531,1.344329361435387,0.6404810772081568,2,0.6574148296593186,1.0412825651302604,Stage 1: vs. Random
532,1.4791000981748004,0.6380265143056139,2,0.6560120240480962,1.038877755511022,Stage 1: vs. Random
533,1.3877804458543617,0.6366228387398258,3,0.6546092184368739,1.0364729458917834,Stage 1: vs. Random
534,1.4296552526018353,0.6364342405489528,4,0.6532064128256514,1.034068136272545,Stage 1: vs. Random
535,1.3443700405299037,0.6365930397358056,2,0.6518036072144289,1.0316633266533066,Stage 1: vs. Random
536,1.6066320558645106,0.6355822010353446,1,0.6504008016032063,1.029258517034068,Stage 1: vs. Random
537,1.7042946322221413,0.6346615034211378,1,0.6489979959919839,1.0268537074148296,Stage 1: vs. Random
538,1.3151625309976294,0.6342668333729095,2,0.6475951903807615,1.0244488977955912,Stage 1: vs. Random
539,2.0969735217678287,0.6352985756169512,3,0.6461923847695391,1.0220440881763526,Stage 1: vs. Random
540,1.7889814055253226,0.6362095339696197,3,0.6447895791583167,1.0196392785571142,Stage 1: vs. Random
541,1.6934444464110963,0.6371497010970102,2,0.6433867735470943,1.0172344689378756,Stage 1: vs. Random
542,1.7180873421073648,0.6377874638559444,4,0.6419839679358718,1.0148296593186372,Stage 1: vs. Random
543,1.1975982375167251,0.6386831283883353,2,0.6405811623246492,1.0124248496993988,Stage 1: vs. Random
544,1.6510531580938022,0.6402565855518234,1,0.6391783567134268,1.0100200400801602,Stage 1: vs. Random
545,1.4530959612614462,0.6409374668136583,2,0.6377755511022044,1.0076152304609218,Stage 1: vs. Random
546,1.4162399703522697,0.6398726152248853,4,0.6363727454909821,1.0052104208416834,Stage 1: vs. Random
547,1.6439954409812465,0.6396284610444154,3,0.6349699398797595,1.0028056112224448,Stage 1: vs. Random
548,1.4919378909840737,0.6404502552605754,2,0.6335671342685371,1.0004008016032064,Stage 1: vs. Random
549,1.966092586235773,0.6396333631294789,4,0.6321643286573146,0.9979959919839679,Stage 1: vs. Random
550,1.9949429032609405,0.6380014474183189,1,0.6307615230460922,0.9955911823647293,Stage 1: vs. Random
551,1.947878046560967,0.6388317943555132,4,0.6293587174348698,0.9931863727454909,Stage 1: vs. Random
552,1.3842047502830854,0.6372333542027012,2,0.6279559118236473,0.9907815631262525,Stage 1: vs. Random
553,1.8970628224533734,0.638705889556004,4,0.6265531062124249,0.988376753507014,Stage 1: vs. Random
554,1.5251626505515545,0.6403108648320749,4,0.6251503006012024,0.9859719438877755,Stage 1: vs. Random
555,1.7417009885781278,0.6396014778999536,3,0.62374749498998,0.983567134268537,Stage 1: vs. Random
556,1.3919820377034766,0.6406659768757411,1,0.6223446893787574,0.9811623246492985,Stage 1: vs. Random
557,2.0391803322568074,0.6383267492612051,2,0.6209418837675351,0.9787575150300599,Stage 1: vs. Random
558,1.802687211519996,0.6365300797446338,3,0.6195390781563126,0.9763527054108215,Stage 1: vs. Random
559,1.3490294718399485,0.6377744157810484,2,0.6181362725450902,0.9739478957915831,Stage 1: vs. Random
560,1.8772159416101912,0.6356811033169792,1,0.6167334669338678,0.9715430861723445,Stage 1: vs. Random
561,1.3622713427489799,0.63789618585861,2,0.6153306613226452,0.9691382765531062,Stage 1: vs. Random
562,1.3635501963692194,0.6392184496356041,4,0.6139278557114228,0.9667334669338676,Stage 1: vs. Random
563,1.7414217819222368,0.6411055131344904,4,0.6125250501002004,0.9643286573146292,Stage 1: vs. Random
564,1.188100803903193,0.6429323674035784,1,0.611122244488978,0.9619238476953906,Stage 1: vs. Random
565,1.308008664668031,0.6432466663417966,2,0.6097194388777555,0.9595190380761522,Stage 1: vs. Random
566,1.5105544970634301,0.6439961981127421,1,0.6083166332665331,0.9571142284569139,Stage 1: vs. Random
567,1.492833235821242,0.6451163210800812,3,0.6069138276553107,0.9547094188376752,Stage 1: vs. Random
568,2.04219735703554,0.6450032717684197,1,0.6055110220440881,0.9523046092184368,Stage 1: vs. Random
569,1.4948888937129277,0.6451204945695058,1,0.6041082164328658,0.9498997995991982,Stage 1: vs. Random
570,1.8503666855620677,0.6443154965707705,2,0.6027054108216433,0.94749498997996,Stage 1: vs. Random
571,1.2057139056465176,0.6446798561705334,2,0.6013026052104208,0.9450901803607213,Stage 1: vs. Random
572,1.4176291637666936,0.6446549869120498,3,0.5998997995991984,0.942685370741483,Stage 1: vs. Random
573,1.869780843776317,0.6454156117474218,4,0.598496993987976,0.9402805611222446,Stage 1: vs. Random
574,1.0656899156952924,0.6437547746875206,4,0.5970941883767537,0.937875751503006,Stage 1: vs. Random
575,1.6562439392209676,0.643594556176883,3,0.5956913827655311,0.9354709418837674,Stage 1: vs. Random
576,1.2779664336145953,0.6436680652374493,1,0.5942885771543086,0.933066132264529,Stage 1: vs. Random
577,1.100549548662524,0.6446745617995506,3,0.5928857715430863,0.9306613226452904,Stage 1: vs. Random
578,1.0632407806970332,0.6444788284920974,1,0.5914829659318638,0.9282565130260522,Stage 1: vs. Random
579,1.5601636867584423,0.6429508273735905,3,0.5900801603206413,0.9258517034068134,Stage 1: vs. Random
580,0.9967517807440545,0.6444623566714556,1,0.5886773547094187,0.9234468937875752,Stage 1: vs. Random
581,1.3745969465316055,0.6425326829258928,2,0.5872745490981964,0.9210420841683366,Stage 1: vs. Random
582,1.931189735233005,0.6445042173199148,1,0.585871743486974,0.9186372745490982,Stage 1: vs. Random
583,1.7952439664005726,0.6431971616776356,3,0.5844689378757516,0.9162324649298595,Stage 1: vs. Random
584,1.5806561541876425,0.6427849609821739,3,0.5830661322645291,0.9138276553106212,Stage 1: vs. Random
585,1.4403292501017892,0.6431991704047405,4,0.5816633266533066,0.9114228456913828,Stage 1: vs. Random
586,1.4838331919205725,0.6431557722389454,4,0.5802605210420843,0.9090180360721443,Stage 1: vs. Random
587,1.7884970520488934,0.6452998256339921,3,0.5788577154308617,0.9066132264529059,Stage 1: vs. Random
588,1.2358450295537529,0.6470217451636361,1,0.5774549098196393,0.9042084168336673,Stage 1: vs. Random
589,2.135225471040418,0.6459380105978776,2,0.5760521042084169,0.9018036072144288,Stage 1: vs. Random
590,1.6289778435958948,0.647423334078593,3,0.5746492985971944,0.8993987975951903,Stage 1: vs. Random
591,1.3608427489915698,0.6471984825007152,1,0.573246492985972,0.8969939879759518,Stage 1: vs. Random
592,1.215662607036213,0.6478455654697453,1,0.5718436873747496,0.8945891783567134,Stage 1: vs. Random
593,1.7786113820124856,0.6454518375532785,2,0.5704408817635271,0.8921843687374749,Stage 1: vs. Random
594,1.5371942796864733,0.6452139758864561,1,0.5690380761523046,0.8897795591182365,Stage 1: vs. Random
595,1.3602546197800804,0.644830089170802,2,0.5676352705410822,0.8873747494989979,Stage 1: vs. Random
596,1.0031081825493995,0.6427132429593221,1,0.5662324649298598,0.8849699398797595,Stage 1: vs. Random
597,1.9984731587963704,0.6417117519856012,1,0.5648296593186373,0.882565130260521,Stage 1: vs. Random
598,1.885412155305007,0.6429314725157639,2,0.563426853707415,0.8801603206412825,Stage 1: vs. Random
599,1.6186369999322574,0.6426620260456575,4,0.5620240480961924,0.8777555110220441,Stage 1: vs. Random
600,1.1311983598883446,0.643878710199092,1,0.56062124248497,0.8753507014028056,Stage 1: vs. Random
601,1.6674755793455425,0.64376393605137,4,0.5592184368737475,0.8729458917835671,Stage 1: vs. Random
602,1.7128703500813227,0.6431089296744231,1,0.5578156312625251,0.8705410821643285,Stage 1: vs. Random
603,1.3763715451604908,0.6416362944324102,4,0.5564128256513026,0.8681362725450901,Stage 1: vs. Random
604,1.6761823688097324,0.6427478982527568,3,0.5550100200400802,0.8657314629258516,Stage 1: vs. Random
605,1.6240892350916811,0.6431248770374492,2,0.5536072144288577,0.8633266533066132,Stage 1: vs. Random
606,1.7527062604345438,0.6432152790346152,1,0.5522044088176353,0.8609218436873748,Stage 1: vs. Random
607,1.7310937905257935,0.6441910060539284,2,0.5508016032064128,0.8585170340681362,Stage 1: vs. Random
608,1.027799628247171,0.6439927385348575,4,0.5493987975951904,0.8561122244488977,Stage 1: vs. Random
609,1.2998704628342084,0.6439146846294462,4,0.547995991983968,0.8537074148296593,Stage 1: vs. Random
610,1.1396727466340597,0.6417022258593499,1,0.5465931863727456,0.8513026052104208,Stage 1: vs. Random
611,1.74888762417925,0.6432493645921914,2,0.545190380761523,0.8488977955911822,Stage 1: vs. Random
612,1.1684567440131355,0.6426524271174606,2,0.5437875751503006,0.8464929859719439,Stage 1: vs. Random
613,1.2510001097946246,0.6436710587354473,3,0.5423847695390782,0.8440881763527054,Stage 1: vs. Random
614,1.4303307767582638,0.644702238120789,1,0.5409819639278557,0.8416833667334669,Stage 1: vs. Random
615,1.2235995859115405,0.6442411807955069,2,0.5395791583166332,0.8392785571142284,Stage 1: vs. Random
616,1.3185947532601947,0.644325581714021,3,0.5381763527054109,0.8368737474949898,Stage 1: vs. Random
617,1.9967988906833476,0.6425292937698902,1,0.5367735470941885,0.8344689378757514,Stage 1: vs. Random
618,1.2331627788160815,0.6420964077347648,1,0.5353707414829659,0.832064128256513,Stage 1: vs. Random
619,1.5936210395323203,0.6440265288905304,1,0.5339679358717435,0.8296593186372745,Stage 1: vs. Random
620,1.4047386911413504,0.6440373184847094,1,0.532565130260521,0.8272545090180361,Stage 1: vs. Random
621,2.023367822093873,0.6417745588955491,1,0.5311623246492986,0.8248496993987975,Stage 1: vs. Random
622,1.954361089624522,0.6421000278341094,2,0.5297595190380762,0.8224448897795591,Stage 1: vs. Random
623,1.830784511352258,0.6429274093617053,3,0.5283567134268538,0.8200400801603205,Stage 1: vs. Random
624,1.2114354458402325,0.6426904364381415,2,0.5269539078156312,0.8176352705410821,Stage 1: vs. Random
625,1.3736868667012638,0.6439904932277302,1,0.5255511022044088,0.8152304609218437,Stage 1: vs. Random
626,1.355307274612131,0.6462699691844446,3,0.5241482965931864,0.8128256513026051,Stage 1: vs. Random
627,0.9854413869544684,0.6480882033818827,1,0.5227454909819639,0.8104208416833666,Stage 1: vs. Random
628,1.7380325360744548,0.6459910840346303,3,0.5213426853707416,0.8080160320641281,Stage 1: vs. Random
629,1.5495225809483602,0.6447200831523676,1,0.519939879759519,0.8056112224448897,Stage 1: vs. Random
630,1.7286365004774735,0.6431208961330092,2,0.5185370741482965,0.8032064128256512,Stage 1: vs. Random
631,1.6530229737445974,0.6428726406125701,2,0.5171342685370741,0.8008016032064127,Stage 1: vs. Random
632,1.3577620710694838,0.6434499138137202,4,0.5157314629258517,0.7983967935871743,Stage 1: vs. Random
633,1.0870348719497445,0.6428887929548441,2,0.5143286573146293,0.7959919839679358,Stage 1: vs. Random
634,1.358212978797871,0.6432236299306763,1,0.5129258517034069,0.7935871743486973,Stage 1: vs. Random
635,1.4807214059267377,0.6419030631557647,2,0.5115230460921844,0.7911823647294588,Stage 1: vs. Random
636,1.1642876666321387,0.642514176629007,4,0.5101202404809619,0.7887775551102203,Stage 1: vs. Random
637,1.1714271825110525,0.6413310877569668,1,0.5087174348697394,0.786372745490982,Stage 1: vs. Random
638,2.0849708485570035,0.6415912535665964,2,0.507314629258517,0.7839679358717434,Stage 1: vs. Random
639,1.9463040098256492,0.6417213648525578,3,0.5059118236472946,0.7815631262525049,Stage 1: vs. Random
640,1.5213393833736837,0.6430078615809283,3,0.5045090180360722,0.7791583166332665,Stage 1: vs. Random
641,2.2171711739794655,0.6435537505747251,1,0.5031062124248498,0.776753507014028,Stage 1: vs. Random
642,1.8048824582417682,0.642731775791963,4,0.5017034068136274,0.7743486973947894,Stage 1: vs. Random
643,1.39642426401176,0.6415612445198896,4,0.5003006012024048,0.771943887775551,Stage 1: vs. Random
644,1.4261137160527457,0.6392602798232235,3,0.49889779559118236,0.7695390781563126,Stage 1: vs. Random
645,1.5204298876552562,0.6394122847776149,3,0.49749498997995995,0.767134268537074,Stage 1: vs. Random
646,1.4829168034001219,0.6390072639411009,1,0.4960921843687375,0.7647294589178356,Stage 1: vs. Random
647,2.0725497704739793,0.6386523684109299,2,0.49468937875751506,0.7623246492985971,Stage 1: vs. Random
648,1.4236321642076168,0.6383067806070349,2,0.4932865731462926,0.7599198396793586,Stage 1: vs. Random
649,1.5187524131354853,0.6370340835051205,1,0.4918837675350701,0.7575150300601201,Stage 1: vs. Random
650,1.1914554510795057,0.6365419127681845,3,0.49048096192384777,0.7551102204408816,Stage 1: vs. Random
651,1.6886982553766061,0.6365978947164846,1,0.48907815631262525,0.7527054108216433,Stage 1: vs. Random
652,1.5598783712370772,0.6349123108316311,1,0.48767535070140283,0.7503006012024046,Stage 1: vs. Random
653,1.797271314214984,0.6360072045423043,1,0.48627254509018036,0.7478957915831662,Stage 1: vs. Random
654,0.9882737035093693,0.6357523828715812,2,0.48486973947895795,0.7454909819639277,Stage 1: vs. Random
655,1.1648838338112337,0.6340243642886244,2,0.4834669338677355,0.7430861723446892,Stage 1: vs. Random
656,1.3827855916492342,0.6337104825728227,1,0.48206412825651307,0.7406813627254507,Stage 1: vs. Random
657,1.0852646073171146,0.6342417307863889,4,0.48066132264529055,0.7382765531062123,Stage 1: vs. Random
658,0.8437406196636171,0.6352085392730549,4,0.47925851703406813,0.7358717434869739,Stage 1: vs. Random
659,1.1274156797425645,0.637025001895687,1,0.4778557114228457,0.7334669338677354,Stage 1: vs. Random
660,1.8245817323013205,0.6362062907905037,2,0.47645290581162325,0.7310621242484969,Stage 1: vs. Random
661,1.5121794436375546,0.6353821160321701,1,0.4750501002004008,0.7286573146292584,Stage 1: vs. Random
662,2.004840933055532,0.6346222902004203,3,0.47364729458917837,0.72625250501002,Stage 1: vs. Random
663,1.108105502791041,0.6350672125051731,2,0.4722444889779559,0.7238476953907814,Stage 1: vs. Random
664,1.7428420489550205,0.634681979344858,3,0.47084168336673343,0.721442885771543,Stage 1: vs. Random
665,1.538154045960332,0.6343986853024297,2,0.4694388777555111,0.7190380761523045,Stage 1: vs. Random
666,1.3842040364456545,0.6343285901478734,2,0.4680360721442886,0.716633266533066,Stage 1: vs. Random
667,1.0518531364265025,0.6329334072219137,3,0.4666332665330662,0.7142284569138275,Stage 1: vs. Random
668,1.3476002238583287,0.6316982953091136,1,0.46523046092184367,0.711823647294589,Stage 1: vs. Random
669,1.5899551284223714,0.6324879764010353,1,0.46382765531062126,0.7094188376753506,Stage 1: vs. Random
670,1.6641903906386424,0.6317083927702531,2,0.46242484969939884,0.707014028056112,Stage 1: vs. Random
671,1.9120715891107178,0.6313497330531411,2,0.4610220440881763,0.7046092184368736,Stage 1: vs. Random
672,1.2375897498265154,0.6328996161997279,2,0.45961923847695385,0.7022044088176352,Stage 1: vs. Random
673,1.6906675126332409,0.634554848607963,1,0.4582164328657315,0.6997995991983967,Stage 1: vs. Random
674,1.7057665618485696,0.6345902459910491,1,0.456813627254509,0.6973947895791582,Stage 1: vs. Random
675,1.5708350026325215,0.6349423953864738,2,0.45541082164328656,0.6949899799599197,Stage 1: vs. Random
676,1.2510129833491583,0.6353258337413058,1,0.45400801603206414,0.6925851703406813,Stage 1: vs. Random
677,1.6295096666442221,0.6356463814513481,4,0.4526052104208417,0.6901803607214428,Stage 1: vs. Random
678,1.5703414673705216,0.6372439964775672,3,0.4512024048096192,0.6877755511022043,Stage 1: vs. Random
679,1.2723747204146285,0.6375626377701209,1,0.44979959919839685,0.6853707414829658,Stage 1: vs. Random
680,1.128445279585399,0.6382614005002327,2,0.4483967935871743,0.6829659318637273,Stage 1: vs. Random
681,1.6193612441946332,0.6393820917725596,4,0.4469939879759519,0.6805611222444888,Stage 1: vs. Random
682,1.39814220610629,0.6400761743166938,1,0.44559118236472944,0.6781563126252504,Stage 1: vs. Random
683,1.791021888266557,0.6402665324418029,2,0.44418837675350703,0.6757515030060119,Stage 1: vs. Random
684,1.4240804927224153,0.6393461716771414,2,0.44278557114228456,0.6733466933867734,Stage 1: vs. Random
685,1.219562205055258,0.6387297105408095,3,0.44138276553106215,0.6709418837675349,Stage 1: vs. Random
686,1.2917145969749377,0.6374997536202849,2,0.4399799599198397,0.6685370741482966,Stage 1: vs. Random
687,1.8763970264576506,0.6357464226143029,1,0.43857715430861727,0.666132264529058,Stage 1: vs. Random
688,1.2495243698750322,0.6347990806945031,1,0.4371743486973948,0.6637274549098195,Stage 1: vs. Random
689,0.9325937197517877,0.6337296929217011,4,0.43577154308617233,0.6613226452905809,Stage 1: vs. Random
690,1.3199217132626486,0.6344379903674963,1,0.43436873747494986,0.6589178356713425,Stage 1: vs. Random
691,1.4853004367712348,0.6350555617765453,1,0.4329659318637275,0.6565130260521042,Stage 1: vs. Random
692,1.620804425420904,0.6361837673931716,2,0.431563126252505,0.6541082164328655,Stage 1: vs. Random
693,1.674706394369302,0.6363754030211611,1,0.43016032064128257,0.6517034068136272,Stage 1: vs. Random
694,1.2568176898370065,0.6354388788082856,2,0.42875751503006015,0.6492985971943886,Stage 1: vs. Random
695,1.5317444467264048,0.6364443240045436,1,0.4273547094188377,0.6468937875751503,Stage 1: vs. Random
696,1.87093801489429,0.6347645158043973,2,0.4259519038076152,0.6444889779559116,Stage 1: vs. Random
697,1.6574466234890384,0.6367023335196668,1,0.4245490981963928,0.6420841683366733,Stage 1: vs. Random
698,1.1157572928347712,0.6362302481549099,1,0.42314629258517034,0.6396793587174349,Stage 1: vs. Random
699,0.8533661839242117,0.6354617479072566,1,0.42174348697394787,0.6372745490981963,Stage 1: vs. Random
700,1.2848149286997503,0.6364473490657143,1,0.42034068136272545,0.6348697394789579,Stage 1: vs. Random
